{
"lengthUnit": "mil",
"components": {
	"fields": ["COMPONENT_NO", "COMPONENT_NAME", "LAYER", "X_COORDINATE", "Y_COORDINATE", "ANGLE"],
	"rows": [
		[1, "C1", "T", 580.12, -1410.44, 270],
		[2, "C2", "T", 565.12, -1235.44, 90],
		[3, "C3", "T", 635.12, -1235.44, 90],
		[4, "C4", "T", 335.12, -1320.44, 270],
		[5, "C5", "T", 1067.81, -1616.28, 0],
		[6, "C6", "T", 1026.35, -1169.67, 0],
		[7, "C7", "T", 1130, -1055, 180],
		[8, "C8", "T", 1345, -695, 180],
		[9, "C9", "T", 570, -905, 180],
		[10, "C10", "T", 755, -905, 0],
		[11, "CCUK", "T", 1257.81, -1431.28, 90],
		[12, "Cff1", "T", 1457.81, -1256.28, 90],
		[13, "D1", "T", 1117.81, -1341.28, 0],
		[14, "L1", "T", 445.12, -1220.44, 90],
		[15, "L2", "T", 1272.81, -1626.28, 90],
		[16, "L3", "T", 1222.81, -1216.28, 90],
		[17, "P1", "T", 650, -1720, 180],
		[18, "P2", "T", 770, -240, 180],
		[19, "R2", "T", 1435, -950, 180],
		[20, "R4", "T", 1435, -1035, 0],
		[21, "R14", "B", 835, -1095, 270],
		[22, "R15", "T", 840, -1095, 270],
		[23, "Rfb1", "T", 1400, -1250, 90],
		[24, "Rfb2", "T", 1395, -1395, 90],
		[25, "SCREW1", "T", 137.8, -137.8, 0],
		[26, "SCREW2", "T", 137.8, -1830.71, 0],
		[27, "SCREW3", "T", 1437.01, -1830.71, 0],
		[28, "SCREW4", "T", 1437.01, -137.8, 0],
		[29, "U1", "T", 465.18, -1397.52, 0],
		[30, "U2", "T", 1137.81, -1476.28, 90],
		[31, "U3", "T", 615, -690, 270],
		[32, "U4", "T", 1175, -875, 0]
	]
},
"pins": {
	"fields": ["PIN_NO", "PIN_NAME", "PIN_X", "PIN_Y", "LAYER", "PIN_TYPE", "NET_NAME", "NET_TYPE", "PAD_SHAPE", "PAD_SIZEX", "PAD_SIZEY", "HOLE_SIZE", "PAD_ANGLE"],
	"rows": [
		[1, "C1_1", 580.12, -1347.74, "T", "SMD", "GND", "GND", "R", 58.47, 68.03, 0, 270],
		[2, "C1_2", 580.12, -1473.14, "T", "SMD", "+12V", "", "R", 58.47, 68.03, 0, 270],
		[3, "C2_1", 565.12, -1263, "T", "SMD", "GND", "GND", "R", 31.5, 35.43, 0, 90],
		[4, "C2_2", 565.12, -1207.88, "T", "SMD", "+3.3V", "", "R", 31.5, 35.43, 0, 90],
		[5, "C3_1", 635.12, -1263, "T", "SMD", "GND", "GND", "R", 31.5, 35.43, 0, 90],
		[6, "C3_2", 635.12, -1207.88, "T", "SMD", "+3.3V", "", "R", 31.5, 35.43, 0, 90],
		[7, "C4_1", 335.12, -1298.98, "T", "SMD", "$1N1189", "", "R", 31.11, 21.26, 0, 270],
		[8, "C4_2", 335.12, -1341.9, "T", "SMD", "$1N1197", "", "R", 31.11, 21.26, 0, 270],
		[9, "C5_1", 1008.07, -1616.28, "T", "SMD", "GND", "GND", "R", 64.37, 106.3, 0, 0],
		[10, "C5_2", 1127.55, -1616.28, "T", "SMD", "+12V", "", "R", 64.37, 106.3, 0, 0],
		[11, "C6_1", 966.61, -1169.67, "T", "SMD", "GND", "GND", "R", 64.37, 106.3, 0, 0],
		[12, "C6_2", 1086.09, -1169.67, "T", "SMD", "-3.3V", "", "R", 64.37, 106.3, 0, 0],
		[13, "C7_1", 1177.24, -1055, "T", "SMD", "AGND", "", "R", 59.05, 53.5, 0, 180],
		[14, "C7_2", 1082.76, -1055, "T", "SMD", "-3.3V", "", "R", 59.05, 53.5, 0, 180],
		[15, "C8_1", 1392.24, -695, "T", "SMD", "AGND", "", "R", 59.05, 53.5, 0, 180],
		[16, "C8_2", 1297.76, -695, "T", "SMD", "-2.5V", "", "R", 59.05, 53.5, 0, 180],
		[17, "C9_1", 617.24, -905, "T", "SMD", "+2.5V", "", "R", 59.05, 53.5, 0, 180],
		[18, "C9_2", 522.76, -905, "T", "SMD", "AGND", "", "R", 59.05, 53.5, 0, 180],
		[19, "C10_1", 707.76, -905, "T", "SMD", "+3.3V", "", "R", 59.05, 53.5, 0, 0],
		[20, "C10_2", 802.24, -905, "T", "SMD", "AGND", "", "R", 59.05, 53.5, 0, 0],
		[21, "CCUK_1", 1257.81, -1493.98, "T", "SMD", "$1N568", "", "R", 58.47, 68.03, 0, 90],
		[22, "CCUK_2", 1257.81, -1368.58, "T", "SMD", "$1N570", "", "R", 58.47, 68.03, 0, 90],
		[23, "Cff1_1", 1457.81, -1283.84, "T", "SMD", "$1N569", "", "R", 31.5, 35.43, 0, 90],
		[24, "Cff1_2", 1457.81, -1228.72, "T", "SMD", "-3.3V", "", "R", 31.5, 35.43, 0, 90],
		[25, "D1_1", 1051.18, -1341.28, "T", "SMD", "GND", "GND", "R", 37.4, 45.28, 0, 0],
		[26, "D1_2", 1184.44, -1341.28, "T", "SMD", "$1N570", "", "R", 37.4, 45.28, 0, 0],
		[27, "L1_1", 445.12, -1283.43, "T", "SMD", "$1N1189", "", "R", 62.99, 137.79, 0, 90],
		[28, "L1_2", 445.12, -1157.45, "T", "SMD", "+3.3V", "", "R", 62.99, 137.79, 0, 90],
		[29, "L2_1", 1335.8, -1676.48, "T", "SMD", "+12V", "", "R", 27.56, 35.43, 0, 90],
		[30, "L2_2", 1335.8, -1576.08, "T", "SMD", "$1N568", "", "R", 27.56, 35.43, 0, 90],
		[31, "L2_3", 1209.82, -1576.08, "T", "SMD", "$1N568", "", "R", 27.56, 35.43, 0, 90],
		[32, "L2_4", 1209.82, -1676.48, "T", "SMD", "+12V", "", "R", 27.56, 35.43, 0, 90],
		[33, "L3_1", 1285.8, -1266.48, "T", "SMD", "$1N570", "", "R", 27.56, 35.43, 0, 90],
		[34, "L3_2", 1285.8, -1166.08, "T", "SMD", "-3.3V", "", "R", 27.56, 35.43, 0, 90],
		[35, "L3_3", 1159.82, -1166.08, "T", "SMD", "-3.3V", "", "R", 27.56, 35.43, 0, 90],
		[36, "L3_4", 1159.82, -1266.48, "T", "SMD", "$1N570", "", "R", 27.56, 35.43, 0, 90],
		[37, "P1_1", 750, -1720, "T", "DIP", "+12V", "", "C", 78.74, 78.74, 51.18, 0],
		[38, "P1_1", 750, -1720, "B", "DIP", "+12V", "", "C", 78.74, 78.74, 51.18, 0],
		[39, "P1_2", 550, -1720, "T", "DIP", "GND", "GND", "C", 78.74, 78.74, 51.18, 0],
		[40, "P1_2", 550, -1720, "B", "DIP", "GND", "GND", "C", 78.74, 78.74, 51.18, 0],
		[41, "P2_1", 970, -240, "T", "DIP", "-2.5V", "", "C", 78.74, 78.74, 51.18, 0],
		[42, "P2_1", 970, -240, "B", "DIP", "-2.5V", "", "C", 78.74, 78.74, 51.18, 0],
		[43, "P2_2", 770, -240, "T", "DIP", "AGND", "", "C", 78.74, 78.74, 51.18, 0],
		[44, "P2_2", 770, -240, "B", "DIP", "AGND", "", "C", 78.74, 78.74, 51.18, 0],
		[45, "P2_3", 570, -240, "T", "DIP", "+2.5V", "", "C", 78.74, 78.74, 51.18, 0],
		[46, "P2_3", 570, -240, "B", "DIP", "+2.5V", "", "C", 78.74, 78.74, 51.18, 0],
		[47, "R2_1", 1474.37, -950, "T", "SMD", "-2.5V", "", "R", 44.59, 54.21, 0, 180],
		[48, "R2_2", 1395.63, -950, "T", "SMD", "$1N3138", "", "R", 44.59, 54.21, 0, 180],
		[49, "R4_1", 1395.63, -1035, "T", "SMD", "$1N3138", "", "R", 44.59, 54.21, 0, 0],
		[50, "R4_2", 1474.37, -1035, "T", "SMD", "AGND", "", "R", 44.59, 54.21, 0, 0],
		[51, "R14_1", 835, -1065.34, "B", "SMD", "AGND", "", "R", 31.75, 34.02, 0, 270],
		[52, "R14_2", 835, -1124.66, "B", "SMD", "GND", "GND", "R", 31.75, 34.02, 0, 270],
		[53, "R15_1", 840, -1065.34, "T", "SMD", "AGND", "", "R", 31.75, 34.02, 0, 270],
		[54, "R15_2", 840, -1124.66, "T", "SMD", "GND", "GND", "R", 31.75, 34.02, 0, 270],
		[55, "Rfb1_1", 1400, -1289.37, "T", "SMD", "$1N569", "", "R", 44.59, 54.21, 0, 90],
		[56, "Rfb1_2", 1400, -1210.63, "T", "SMD", "-3.3V", "", "R", 44.59, 54.21, 0, 90],
		[57, "Rfb2_1", 1395, -1424.66, "T", "SMD", "GND", "GND", "R", 31.75, 34.02, 0, 90],
		[58, "Rfb2_2", 1395, -1365.34, "T", "SMD", "$1N569", "", "R", 31.75, 34.02, 0, 90],
		[59, "SCREW1_1", 137.8, -137.8, "T", "DIP", "SCREW1_1", "", "C", 78.74, 78.74, 78.74, 0],
		[60, "SCREW1_1", 137.8, -137.8, "B", "DIP", "SCREW1_1", "", "C", 78.74, 78.74, 78.74, 0],
		[61, "SCREW2_1", 137.8, -1830.71, "T", "DIP", "SCREW2_1", "", "C", 78.74, 78.74, 78.74, 0],
		[62, "SCREW2_1", 137.8, -1830.71, "B", "DIP", "SCREW2_1", "", "C", 78.74, 78.74, 78.74, 0],
		[63, "SCREW3_1", 1437.01, -1830.71, "T", "DIP", "SCREW3_1", "", "C", 78.74, 78.74, 78.74, 0],
		[64, "SCREW3_1", 1437.01, -1830.71, "B", "DIP", "SCREW3_1", "", "C", 78.74, 78.74, 78.74, 0],
		[65, "SCREW4_1", 1437.01, -137.8, "T", "DIP", "SCREW4_1", "", "C", 78.74, 78.74, 78.74, 0],
		[66, "SCREW4_1", 1437.01, -137.8, "B", "DIP", "SCREW4_1", "", "C", 78.74, 78.74, 78.74, 0],
		[67, "U1_1", 427.78, -1444.76, "T", "SMD", "+3.3V", "", "R", 21.65, 43.31, 0, 180],
		[68, "U1_2", 465.18, -1444.76, "T", "SMD", "+12V", "", "R", 21.65, 43.31, 0, 180],
		[69, "U1_3", 502.58, -1444.76, "T", "SMD", "+12V", "", "R", 21.65, 43.31, 0, 180],
		[70, "U1_4", 502.58, -1350.28, "T", "SMD", "GND", "GND", "R", 21.65, 43.31, 0, 180],
		[71, "U1_5", 465.18, -1350.28, "T", "SMD", "$1N1189", "", "R", 21.65, 43.31, 0, 180],
		[72, "U1_6", 427.78, -1350.28, "T", "SMD", "$1N1197", "", "R", 21.65, 43.31, 0, 180],
		[73, "U2_1", 1175.2, -1432.98, "T", "SMD", "$1N568", "", "R", 23.62, 39.37, 0, 180],
		[74, "U2_2", 1137.81, -1432.98, "T", "SMD", "GND", "GND", "R", 23.62, 39.37, 0, 180],
		[75, "U2_3", 1100.41, -1432.98, "T", "SMD", "$1N569", "", "R", 23.62, 39.37, 0, 180],
		[76, "U2_4", 1100.4, -1519.6, "T", "SMD", "+12V", "", "R", 23.62, 39.37, 0, 180],
		[77, "U2_5", 1175.21, -1519.6, "T", "SMD", "+12V", "", "R", 23.62, 39.37, 0, 180],
		[78, "U3_1", 524.45, -812, "T", "SMD", "AGND", "", "R", 43.31, 86.61, 0, 360],
		[79, "U3_2", 615, -812, "T", "SMD", "+2.5V", "", "R", 43.31, 86.61, 0, 360],
		[80, "U3_3", 705.55, -812, "T", "SMD", "+3.3V", "", "R", 43.31, 86.61, 0, 360],
		[81, "U3_4", 615, -568, "T", "SMD", "AGND", "", "R", 86.61, 137.79, 0, 270],
		[82, "U4_1", 1286.61, -965.55, "T", "SMD", "$1N3138", "", "R", 97.24, 38.58, 0, 0],
		[83, "U4_2", 1286.61, -875, "T", "SMD", "-3.3V", "", "R", 97.24, 38.58, 0, 0],
		[84, "U4_3", 1286.61, -784.45, "T", "SMD", "-2.5V", "", "R", 97.24, 38.58, 0, 0],
		[85, "U4_4", 1063.39, -875, "T", "SMD", "-3.3V", "", "R", 97.24, 141.73, 0, 0]
	]
}
}