{
"lengthUnit": "mil",
"components": {
	"fields": ["COMPONENT_NO", "COMPONENT_NAME", "LAYER", "X_COORDINATE", "Y_COORDINATE", "ANGLE"],
	"rows": [
		[1, "C7", "T", 1032.5, -774.45, 0],
		[2, "C8", "T", 1017.5, -504.45, 0],
		[3, "C9", "T", 247.5, -604.45, 180],
		[4, "C10", "T", 222.5, -809.45, 180],
		[5, "C11", "T", 1063.96, -1426.06, 0],
		[6, "C12", "T", 1253.96, -1241.06, 90],
		[7, "C13", "T", 1022.5, -979.45, 0],
		[8, "C14", "T", 617.5, -1279.45, 180],
		[9, "C15", "T", 487.5, -1449.45, 90],
		[10, "C16", "T", 314.92, -1372.33, 90],
		[11, "C17", "T", 416.32, -1371.87, 90],
		[12, "C18", "T", 237.5, -964.45, 180],
		[13, "C19", "T", 237.04, -1102.61, 180],
		[14, "Cff1", "T", 1453.96, -1066.06, 90],
		[15, "D1", "T", 1113.96, -1151.06, 0],
		[16, "L1", "T", 1268.96, -1436.06, 90],
		[17, "L2", "T", 1218.96, -1026.06, 90],
		[18, "L3", "T", 157.5, -1294.45, 270],
		[19, "P1", "T", 805, -1735, 180],
		[20, "P2", "T", 835, -230, 180],
		[21, "R14", "T", 802.5, -839.45, 270],
		[22, "R15", "B", 562.5, -844.45, 270],
		[23, "Rfb1", "T", 1388.7, -1062.65, 90],
		[24, "Rfb2", "T", 1388.96, -1216.06, 90],
		[25, "Rfb3", "T", 807.5, -1374.45, 90],
		[26, "Rfb4", "T", 727.5, -1374.45, 270],
		[27, "SCREW1", "T", 137.8, -137.8, 0],
		[28, "SCREW2", "T", 1437.01, -137.8, 0],
		[29, "SCREW3", "T", 137.8, -1830.71, 0],
		[30, "SCREW4", "T", 1437.01, -1830.71, 0],
		[31, "U6", "T", 237.5, -719.45, 0],
		[32, "U7", "T", 1042.5, -669.45, 0],
		[33, "U8", "T", 1133.96, -1286.06, 90],
		[34, "U9", "T", 592.5, -1379.45, 180]
	]
},
"pins": {
	"fields": ["PIN_NO", "PIN_NAME", "PIN_X", "PIN_Y", "LAYER", "PIN_TYPE", "NET_NAME", "NET_TYPE", "PAD_SHAPE", "PAD_SIZEX", "PAD_SIZEY", "HOLE_SIZE", "PAD_ANGLE"],
	"rows": [
		[1, "C7_1", 985.26, -774.45, "T", "SMD", "AGND", "", "R", 59.05, 53.5, 0, 0],
		[2, "C7_2", 1079.74, -774.45, "T", "SMD", "-6V", "", "R", 59.05, 53.5, 0, 0],
		[3, "C8_1", 970.26, -504.45, "T", "SMD", "AGND", "", "R", 59.05, 53.5, 0, 0],
		[4, "C8_2", 1064.74, -504.45, "T", "SMD", "-5VOUT", "", "R", 59.05, 53.5, 0, 0],
		[5, "C9_1", 310.2, -604.45, "T", "SMD", "AGND", "", "R", 58.47, 68.03, 0, 180],
		[6, "C9_2", 184.8, -604.45, "T", "SMD", "+5VOUT", "", "R", 58.47, 68.03, 0, 180],
		[7, "C10_1", 250.06, -809.45, "T", "SMD", "AGND", "", "R", 31.5, 35.43, 0, 180],
		[8, "C10_2", 194.94, -809.45, "T", "SMD", "+6.5V", "", "R", 31.5, 35.43, 0, 180],
		[9, "C11_1", 1004.22, -1426.06, "T", "SMD", "GND", "GND", "R", 64.37, 106.3, 0, 0],
		[10, "C11_2", 1123.7, -1426.06, "T", "SMD", "+12V", "", "R", 64.37, 106.3, 0, 0],
		[11, "C12_1", 1253.96, -1303.76, "T", "SMD", "$1N1259", "", "R", 58.47, 68.03, 0, 90],
		[12, "C12_2", 1253.96, -1178.36, "T", "SMD", "$1N1266", "", "R", 58.47, 68.03, 0, 90],
		[13, "C13_1", 962.76, -979.45, "T", "SMD", "GND", "GND", "R", 64.37, 106.3, 0, 0],
		[14, "C13_2", 1082.24, -979.45, "T", "SMD", "-6V", "", "R", 64.37, 106.3, 0, 0],
		[15, "C14_1", 645.06, -1279.45, "T", "SMD", "$1N1245", "", "R", 31.5, 35.43, 0, 180],
		[16, "C14_2", 589.94, -1279.45, "T", "SMD", "$1N1248", "", "R", 31.5, 35.43, 0, 180],
		[17, "C15_1", 487.5, -1477.01, "T", "SMD", "GND", "GND", "R", 31.5, 35.43, 0, 90],
		[18, "C15_2", 487.5, -1421.89, "T", "SMD", "+12V", "", "R", 31.5, 35.43, 0, 90],
		[19, "C16_1", 314.92, -1435.03, "T", "SMD", "+12V", "", "R", 58.47, 68.03, 0, 90],
		[20, "C16_2", 314.92, -1309.63, "T", "SMD", "GND", "GND", "R", 58.47, 68.03, 0, 90],
		[21, "C17_1", 416.32, -1434.57, "T", "SMD", "+12V", "", "R", 58.47, 68.03, 0, 90],
		[22, "C17_2", 416.32, -1309.17, "T", "SMD", "GND", "GND", "R", 58.47, 68.03, 0, 90],
		[23, "C18_1", 297.24, -964.45, "T", "SMD", "GND", "GND", "R", 64.37, 106.3, 0, 180],
		[24, "C18_2", 177.76, -964.45, "T", "SMD", "+6.5V", "", "R", 64.37, 106.3, 0, 180],
		[25, "C19_1", 296.78, -1102.61, "T", "SMD", "GND", "GND", "R", 64.37, 106.3, 0, 180],
		[26, "C19_2", 177.3, -1102.61, "T", "SMD", "+6.5V", "", "R", 64.37, 106.3, 0, 180],
		[27, "Cff1_1", 1453.96, -1093.62, "T", "SMD", "$1N1261", "", "R", 31.5, 35.43, 0, 90],
		[28, "Cff1_2", 1453.96, -1038.5, "T", "SMD", "-6V", "", "R", 31.5, 35.43, 0, 90],
		[29, "D1_1", 1047.33, -1151.06, "T", "SMD", "GND", "GND", "R", 37.4, 45.28, 0, 0],
		[30, "D1_2", 1180.59, -1151.06, "T", "SMD", "$1N1266", "", "R", 37.4, 45.28, 0, 0],
		[31, "L1_1", 1331.95, -1486.26, "T", "SMD", "+12V", "", "R", 27.56, 35.43, 0, 90],
		[32, "L1_2", 1331.95, -1385.86, "T", "SMD", "$1N1259", "", "R", 27.56, 35.43, 0, 90],
		[33, "L1_3", 1205.97, -1385.86, "T", "SMD", "$1N1259", "", "R", 27.56, 35.43, 0, 90],
		[34, "L1_4", 1205.97, -1486.26, "T", "SMD", "+12V", "", "R", 27.56, 35.43, 0, 90],
		[35, "L2_1", 1281.95, -1076.26, "T", "SMD", "$1N1266", "", "R", 27.56, 35.43, 0, 90],
		[36, "L2_2", 1281.95, -975.86, "T", "SMD", "-6V", "", "R", 27.56, 35.43, 0, 90],
		[37, "L2_3", 1155.97, -975.86, "T", "SMD", "-6V", "", "R", 27.56, 35.43, 0, 90],
		[38, "L2_4", 1155.97, -1076.26, "T", "SMD", "$1N1266", "", "R", 27.56, 35.43, 0, 90],
		[39, "L3_1", 157.5, -1213.74, "T", "SMD", "+6.5V", "", "R", 74.8, 98.42, 0, 270],
		[40, "L3_2", 157.5, -1375.16, "T", "SMD", "$1N1248", "", "R", 74.8, 98.42, 0, 270],
		[41, "P1_1", 905, -1735, "T", "DIP", "+12V", "", "C", 78.74, 78.74, 51.18, 0],
		[42, "P1_1", 905, -1735, "B", "DIP", "+12V", "", "C", 78.74, 78.74, 51.18, 0],
		[43, "P1_2", 705, -1735, "T", "DIP", "GND", "GND", "C", 78.74, 78.74, 51.18, 0],
		[44, "P1_2", 705, -1735, "B", "DIP", "GND", "GND", "C", 78.74, 78.74, 51.18, 0],
		[45, "P2_1", 1035, -230, "T", "DIP", "-5VOUT", "", "C", 78.74, 78.74, 51.18, 0],
		[46, "P2_1", 1035, -230, "B", "DIP", "-5VOUT", "", "C", 78.74, 78.74, 51.18, 0],
		[47, "P2_2", 835, -230, "T", "DIP", "AGND", "", "C", 78.74, 78.74, 51.18, 0],
		[48, "P2_2", 835, -230, "B", "DIP", "AGND", "", "C", 78.74, 78.74, 51.18, 0],
		[49, "P2_3", 635, -230, "T", "DIP", "+5VOUT", "", "C", 78.74, 78.74, 51.18, 0],
		[50, "P2_3", 635, -230, "B", "DIP", "+5VOUT", "", "C", 78.74, 78.74, 51.18, 0],
		[51, "R14_1", 802.5, -809.79, "T", "SMD", "AGND", "", "R", 31.75, 34.02, 0, 270],
		[52, "R14_2", 802.5, -869.11, "T", "SMD", "GND", "GND", "R", 31.75, 34.02, 0, 270],
		[53, "R15_1", 562.5, -814.79, "B", "SMD", "AGND", "", "R", 31.75, 34.02, 0, 270],
		[54, "R15_2", 562.5, -874.11, "B", "SMD", "GND", "GND", "R", 31.75, 34.02, 0, 270],
		[55, "Rfb1_1", 1388.7, -1102.02, "T", "SMD", "$1N1261", "", "R", 44.59, 54.21, 0, 90],
		[56, "Rfb1_2", 1388.7, -1023.28, "T", "SMD", "-6V", "", "R", 44.59, 54.21, 0, 90],
		[57, "Rfb2_1", 1388.96, -1255.43, "T", "SMD", "GND", "GND", "R", 44.59, 54.21, 0, 90],
		[58, "Rfb2_2", 1388.96, -1176.69, "T", "SMD", "$1N1261", "", "R", 44.59, 54.21, 0, 90],
		[59, "Rfb3_1", 807.5, -1413.82, "T", "SMD", "$1N1267", "", "R", 44.59, 54.21, 0, 90],
		[60, "Rfb3_2", 807.5, -1335.08, "T", "SMD", "+6.5V", "", "R", 44.59, 54.21, 0, 90],
		[61, "Rfb4_1", 727.5, -1335.08, "T", "SMD", "GND", "GND", "R", 44.59, 54.21, 0, 270],
		[62, "Rfb4_2", 727.5, -1413.82, "T", "SMD", "$1N1267", "", "R", 44.59, 54.21, 0, 270],
		[63, "SCREW1_1", 137.8, -137.8, "T", "DIP", "SCREW1_1", "", "C", 78.74, 78.74, 78.74, 0],
		[64, "SCREW1_1", 137.8, -137.8, "B", "DIP", "SCREW1_1", "", "C", 78.74, 78.74, 78.74, 0],
		[65, "SCREW2_1", 1437.01, -137.8, "T", "DIP", "SCREW2_1", "", "C", 78.74, 78.74, 78.74, 0],
		[66, "SCREW2_1", 1437.01, -137.8, "B", "DIP", "SCREW2_1", "", "C", 78.74, 78.74, 78.74, 0],
		[67, "SCREW3_1", 137.8, -1830.71, "T", "DIP", "SCREW3_1", "", "C", 78.74, 78.74, 78.74, 0],
		[68, "SCREW3_1", 137.8, -1830.71, "B", "DIP", "SCREW3_1", "", "C", 78.74, 78.74, 78.74, 0],
		[69, "SCREW4_1", 1437.01, -1830.71, "T", "DIP", "SCREW4_1", "", "C", 78.74, 78.74, 78.74, 0],
		[70, "SCREW4_1", 1437.01, -1830.71, "B", "DIP", "SCREW4_1", "", "C", 78.74, 78.74, 78.74, 0],
		[71, "U6_1", 200.1, -762.76, "T", "SMD", "+6.5V", "", "R", 23.62, 39.37, 0, 0],
		[72, "U6_2", 237.5, -762.76, "T", "SMD", "AGND", "", "R", 23.62, 39.37, 0, 0],
		[73, "U6_3", 274.9, -762.76, "T", "SMD", "+6.5V", "", "R", 23.62, 39.37, 0, 0],
		[74, "U6_4", 274.9, -676.14, "T", "SMD", "AGND", "", "R", 23.62, 39.37, 0, 0],
		[75, "U6_5", 200.1, -676.14, "T", "SMD", "+5VOUT", "", "R", 23.62, 39.37, 0, 0],
		[76, "U7_1", 942.5, -669.25, "T", "DIP", "AGND", "", "R", 70.87, 102.36, 47.24, 0],
		[77, "U7_1", 942.5, -669.25, "B", "DIP", "AGND", "", "R", 70.87, 102.36, 47.24, 0],
		[78, "U7_2", 1042.5, -669.25, "T", "DIP", "-6V", "", "O", 70.87, 102.36, 47.24, 0],
		[79, "U7_2", 1042.5, -669.25, "B", "DIP", "-6V", "", "O", 70.87, 102.36, 47.24, 0],
		[80, "U7_3", 1142.51, -669.64, "T", "DIP", "-5VOUT", "", "O", 70.87, 102.36, 47.24, 0],
		[81, "U7_3", 1142.51, -669.64, "B", "DIP", "-5VOUT", "", "O", 70.87, 102.36, 47.24, 0],
		[82, "U8_1", 1171.35, -1242.75, "T", "SMD", "$1N1259", "", "R", 23.62, 39.37, 0, 180],
		[83, "U8_2", 1133.96, -1242.75, "T", "SMD", "GND", "GND", "R", 23.62, 39.37, 0, 180],
		[84, "U8_3", 1096.56, -1242.75, "T", "SMD", "$1N1261", "", "R", 23.62, 39.37, 0, 180],
		[85, "U8_4", 1096.55, -1329.37, "T", "SMD", "+12V", "", "R", 23.62, 39.37, 0, 180],
		[86, "U8_5", 1171.36, -1329.37, "T", "SMD", "+12V", "", "R", 23.62, 39.37, 0, 180],
		[87, "U9_1", 539.35, -1342.05, "T", "SMD", "GND", "GND", "R", 43.31, 23.62, 0, 180],
		[88, "U9_2", 539.35, -1379.45, "T", "SMD", "$1N1248", "", "R", 43.31, 23.62, 0, 180],
		[89, "U9_3", 539.35, -1416.85, "T", "SMD", "+12V", "", "R", 43.31, 23.62, 0, 180],
		[90, "U9_4", 645.65, -1416.85, "T", "SMD", "$1N1267", "", "R", 43.31, 23.62, 0, 180],
		[91, "U9_5", 645.65, -1379.45, "T", "SMD", "+12V", "", "R", 43.31, 23.62, 0, 180],
		[92, "U9_6", 645.65, -1342.05, "T", "SMD", "$1N1245", "", "R", 43.31, 23.62, 0, 180]
	]
}
}